sample_u,sample_v
0,0.4
-0.392699081698724,0.2
0.392699081698724,0.133333333333333
-0.589048622548086,0.533333333333333
0.196349540849362,0.333333333333333
-0.196349540849362,0.0666666666666667
0.589048622548086,0.466666666666667
-0.687223392972767,0.266666666666667
0.098174770424681,0.0444444444444444
-0.294524311274043,0.444444444444444
0.490873852123405,0.244444444444444
